sub,alpha_ind,lambda_ind,sigma_ind_pre
sub02,0.1048861597625,0.09247124413749999,0.096003039475
sub03,0.08300179188750001,0.0784123325375,0.049033325112500005
sub04,0.046107819225,0.2464766675,0.0529469600875
sub05,0.01053002424,0.22178578775,0.040040145799999996
sub06,0.123358069575,0.39239283325,0.1214265149
sub07,0.0451821369875,0.54185277575,0.084354042475
sub08,0.0272512444025,0.308702434375,0.056192594624999995
sub09,0.02412065455125,0.136645011275,0.043127952812499995
sub10,2.91213072125,0.34495065075000003,0.1306912975375
sub100,0.0730105155375,0.368867840125,0.0739748640125
sub1000,0.0537139961625,0.11149728362625,0.0633064571375
sub1001,0.03014742162,0.29011587925,0.058378500075
sub1002,0.059090885350000004,0.262037112125,0.0614487625375
sub1003,0.176201482725,0.313378168625,0.13391618463750002
sub1005,0.0480865198375,0.62794863375,0.073071905375
sub1006,0.0534045847625,0.402534263875,0.0895816357875
sub1007,0.060950487037499994,0.16998634995,0.08184549805
sub1010,0.1631879428625,0.21843574737500002,0.258037469625
sub1011,0.039499568160000005,0.209277433125,0.058345525975
sub1012,0.07265242747499999,0.5092133306250001,0.0795184970875
sub1013,0.0291115406375,0.277974175625,0.0485639469375
sub1015,0.061560961675000005,0.0911370760375,0.051783256712499996
sub1016,0.02735166539875,0.17506807621249998,0.050624241225
sub1019,0.08358878265,0.03908214896375,0.0868731523875
sub102,0.015641445559999998,0.26686164100000004,0.0432464771
sub1020,0.033443560125,0.809813110125,0.0926744793875
sub1021,0.01837601645375,0.252371109,0.0502070198375
sub1022,0.0785504725625,0.208561604875,0.069516643525
sub1023,0.161768683975,0.0195378628525,0.0762191254125
sub1024,0.018076285887499998,0.502506051875,0.0597182595875
sub1025,0.08378037815,0.532762605625,0.060963649325
sub1026,0.203311903825,1.36828080125,0.08889972528750001
sub1027,0.33578117300000004,0.162249509875,0.0983079798375
sub1028,0.047430050325,0.543083498,0.0531545039875
sub1029,0.08027485052500001,0.272138806,0.1300467874
sub103,0.2968783975,0.16800523625,0.12619014095
sub1033,0.07572447415000001,0.37564064350000004,0.0829157668125
sub1034,0.0233786365025,0.19148810900000002,0.041487428725000004
sub1035,0.0963740611625,0.46405685399999996,0.185384843625
sub1037,0.01889621764125,0.23815283175,0.044783336187499995
sub1038,1.6980464225,0.21401957275,0.194377208375
sub1039,0.0603018514125,0.10571712295,0.06479060188750001
sub104,0.005352156467625,0.1480020420875,0.051844244750000004
sub1040,0.039973589474999995,0.1096482035625,0.047263252225
sub1043,0.027162472903750002,0.594314884625,0.07590874981250001
sub1044,0.0861517175375,0.31020159775,0.058660374125
sub1045,0.0253705556425,0.18010867074999998,0.043227675975
sub1047,0.02351190668375,0.269982272375,0.04512238345
sub1049,0.13964827055,0.1749489355,0.13916371792499999
sub105,0.02797980865625,0.010695881377887502,0.0452734038875
sub1051,0.03082818418625,0.48103046575,0.0596373957
sub1052,1.2345611316249998,0.110319110625,0.214869453
sub1053,0.0649828529375,0.0747962417125,0.0591796826875
sub1055,0.1743861785,0.048993809136250004,0.081992435675
sub1057,0.1625956011875,0.03391923453950001,0.074106511575
sub1058,0.03199086527,0.80857880975,0.094214462175
sub106,0.0151936680375,0.26428508875,0.036977711275
sub1060,0.08666505784999999,0.45815658937500003,0.1018209944125
sub1061,0.440711987125,0.9443527725,0.096721073675
sub1064,0.129630463825,0.225469811375,0.1038276672625
sub1065,0.1468913888,0.164484311875,0.074895218075
sub1067,0.031486089175,1.236772441625,0.061015400175000005
sub1068,0.03173128749875,0.6729378245000001,0.0796907509625
sub1069,0.1199001791,0.0136279328685375,0.0786545529125
sub107,0.15045285322500002,0.08616660727,0.104082443325
sub1072,0.0428412351875,0.315459659375,0.0886292369125
sub1074,0.067830879375,0.1704612208625,0.0724357697
sub1075,0.07013346725,0.6456032305,0.127683883375
sub1076,0.5001412416250001,0.10708954525,0.1332764458625
sub1077,0.019317116445,0.328979230875,0.051108003912500005
sub1078,2.43448220125,0.0662884077625,0.25588545962500003
sub108,0.271495157625,0.1083744265625,0.1023021006
sub1081,0.019283334782499998,0.1513740077125,0.038736927175
sub1082,0.06624531127500001,0.12169888718750001,0.057213382725000005
sub1083,0.020244583285,0.208404304625,0.055438122900000004
sub1085,0.07587555881250001,0.1768060126375,0.09212989117499999
sub1086,0.7673095907499999,0.043889725812499995,0.16568476225
sub1087,0.006142463725125,0.1524885920375,0.032779883175
sub1088,0.655833485,0.5073353755,0.1171745750125
sub1089,0.11789561782500001,0.1293382960625,0.142649126175
sub109,0.05634365155,0.20112844637500002,0.06801432477500001
sub1090,0.01478992871125,0.198888917125,0.0419753891125
sub1091,0.02178122689125,0.40466660712499997,0.056589748200000005
sub1092,0.0925321122375,0.423968352125,0.06921241415
sub1093,0.029953562434999997,0.09647314193124999,0.042907794725000004
sub1095,0.0687452041125,0.543175325125,0.1461979055125
sub1099,0.045534403425,0.1914032535,0.08029045242499999
sub11,0.011435457541250001,0.332847545625,0.0419426094125
sub110,0.03733453049875,0.1182980131,0.044821902649999995
sub1101,0.0498136557625,0.1552463173125,0.05593095565
sub1102,0.1654200175,0.017692542250837502,0.0803258762875
sub1106,0.30156369366249997,0.023171073392375,0.11162008365
sub1107,1.5869067726250001,0.401791157875,0.13288643622500002
sub1109,0.577470601125,0.019934561715125,0.1219884485875
sub111,0.140467286725,0.16822150363750002,0.1049126085
sub1111,0.046100941714999996,0.014479432853225,0.036747649775
sub1112,0.02974211922375,0.500130848,0.073998169925
sub1113,0.040512120832500005,0.1575330585125,0.0544657875625
sub1114,0.06900655648750001,0.5342571417499999,0.09268018981250001
sub1115,0.023663635034999998,0.22835733762500002,0.049071287925
sub1116,0.05404415354625,0.0817575693125,0.0672883553
sub1117,0.002311213580665,0.548022339,0.13697122795000002
sub1119,0.4470438735,0.0625538047,0.1102991776625
sub112,0.06893476386250001,0.125208778525,0.0717192306125
sub1122,0.0381935488775,0.1448952015625,0.06611101275
sub1124,0.13163619911250002,0.26438043075,0.11981703292500001
sub1126,0.01828096223875,0.28751797075,0.0541682033875
sub1127,0.052087854375,0.66818863475,0.0860152731875
sub1128,0.051583147025000005,0.33604761987500004,0.0734167204375
sub1129,0.025126095846249998,0.341381787,0.07515599005
sub113,0.077572976725,0.1504441845625,0.0806106233375
sub1130,0.15805072856250002,0.08472189321250001,0.07621800031249999
sub1131,0.23572356049999998,0.180931344875,0.1040016868125
sub1132,0.09524900591249999,0.437812853625,0.1101778349375
sub1134,0.036446848637499994,0.7645011767500001,0.089539905175
sub1135,0.061213368000000004,0.21658824075000002,0.0570187887125
sub1136,0.20547251845,0.04063092853,0.1036383367
sub1138,0.045719865224999996,1.31095620675,0.059310109287499996
sub114,0.26014475475,0.1079240037125,0.151350420925
sub1140,0.008236482939125,0.1577439473,0.053349698925
sub1141,0.117256268225,0.22732065037500002,0.11954393365
sub1142,0.005680195635875,0.19591346078750002,0.05764729835
sub1147,0.1798930917125,0.14361840680000001,0.1410982468875
sub1149,0.019591549274999998,0.1161657461875,0.038866356025
sub115,0.1805692863125,0.31893114087499996,0.0992964982875
sub1150,0.126901675575,0.124740713825,0.0651376877375
sub1151,0.0367925958675,0.2025807885,0.0564934259875
sub1152,0.1699364655625,0.3298000775,0.14577056595
sub1153,0.02864828297375,0.193868432125,0.0511219671125
sub1154,0.02548739505625,0.5522550636250001,0.0660899669125
sub1155,0.031065557807499998,0.15913853618749998,0.0723611979875
sub1156,3.50888362625,0.57180945625,0.20446982567500002
sub1157,0.0574969430875,0.260160534125,0.070118417775
sub116,0.01357531557125,0.1893370425,0.03329507063749999
sub1160,0.1186866454125,0.14534552063749998,0.0794228991
sub1162,0.0617229982625,0.23732241725,0.06765195006250001
sub1163,0.157117112925,0.44161365287500004,0.09085272367500001
sub1164,0.0805712206625,0.11626039371250001,0.0748656406375
sub1165,0.0583685232375,0.54678998275,0.07024734355
sub1166,0.060906257075,0.716509854625,0.090434775425
sub1167,1.058659279875,0.892041131875,0.0971472994625
sub1168,0.069780700975,0.07503726955250001,0.060535126325
sub1169,0.10884107015,0.1193760963125,0.09539688495
sub117,0.17214603376249998,0.09339461423749999,0.08844068015
sub1170,0.06547199537500001,0.0632688393875,0.060701145500000005
sub1174,0.1038734677,0.5802664036249999,0.0809748058375
sub1176,0.0799159372875,0.1441600546875,0.076464449125
sub1178,0.0324718226725,0.16724221106249998,0.046922911475
sub1179,0.042772930525,0.0988482713875,0.0478254566125
sub118,0.01706332574375,0.092914483825,0.034137951874999996
sub1183,0.2511723468,0.04834099052,0.08918532428749999
sub1184,0.061606163162500005,0.32266938512500004,0.0874065321125
sub1186,0.0170222732475,0.205376196875,0.034896476612500005
sub1187,0.026906549093750003,0.7817552170000001,0.05255027795
sub1189,0.081956210775,0.211899472125,0.070901896925
sub119,0.33902053137500004,0.35851967,0.11607031976250001
sub1190,0.0843739557875,0.070949304075,0.0656637257875
sub1192,0.2918360075,0.013965504138249998,0.081419396025
sub1194,0.065153262025,0.266771595875,0.0687452934625
sub1196,2.266836054625,1.89974845875,0.08921730478749999
sub1197,0.2051054559875,0.17947808675,0.16238142375
sub1198,2.4692827125,0.1308829692875,0.251181025125
sub12,0.143283088,0.010827893830125,0.06671848305
sub120,0.018135581093750002,0.1736805953875,0.048762044600000005
sub1200,0.0364137682925,0.27344224987500004,0.0640468365875
sub1201,0.008562293608875001,0.1612693371875,0.0366626789875
sub1202,0.02047930807125,0.11551644341249999,0.0404394600375
sub1204,0.12193036777499999,0.532617756375,0.07165977205
sub1207,0.483944018,0.06697115345,0.143479099975
sub1208,0.052314429325,0.16430499031249998,0.06845124767500001
sub1209,0.0910370220125,0.306275588875,0.1547552438
sub121,0.17396993375,0.159552296625,0.113503129125
sub1210,0.01584900839625,0.551292794625,0.0664941734375
sub1214,0.044022508287500005,0.389354446375,0.0619968343125
sub1215,0.0518905116875,0.14511966195,0.070735023875
sub1216,0.073845239575,0.227362580125,0.0724514282875
sub1218,0.0582151854,0.26106278912499997,0.0702810056125
sub122,0.03264549512,0.15493992572499998,0.0552196247125
sub1220,0.03945779145,0.177798839625,0.052808278874999996
sub1221,0.049217041375,0.22160328375,0.0646735679375
sub1224,0.09861318185000001,0.8980541465,0.06671630465
sub1226,0.2106291932625,0.021055671108999998,0.0748470373875
sub1227,0.333482767,0.0832027981125,0.1195730850375
sub1229,0.149938882775,0.0469495761,0.059868075325
sub123,0.014302662213750001,0.146608013575,0.0359743075375
sub1230,0.040463881965,0.195140210875,0.054817947150000004
sub1232,0.191337935825,0.08882419312499999,0.104765349175
sub1234,0.046499171296249996,0.12241216683749999,0.0531870715625
sub1235,0.0803270981875,0.1055511080375,0.07470714472500001
sub1236,9.83764566125,0.0126795962269375,0.17064771450000002
sub1237,0.11350316954999999,0.031354059241125,0.0713852175
sub1239,0.078406085425,0.02080566776425,0.0448366119125
sub124,0.1188607253125,0.099054061425,0.06440464828749999
sub1240,0.17800398082500002,0.0710540137875,0.0969492922625
sub1241,0.060571837587499996,0.1574649212,0.06986120225
sub1242,0.0568338927375,0.42417496675,0.1205541933
sub1244,0.073238326625,0.05737459351625,0.06924771402499999
sub1245,0.0309154004125,0.259034552875,0.0432427736
sub1246,0.10575959111250001,0.0711763821,0.09028466235
sub1247,0.068578650775,0.04268179177625,0.048191009225000005
sub125,0.1379907638375,0.06173607306,0.1068038145
sub1252,0.0388697735125,0.37396505074999997,0.056337642925
sub1255,0.0449425980625,0.19377431350000002,0.06678080477500001
sub1256,1.378912121125,0.38388085175,0.181779886875
sub1258,0.057648210974999996,0.328288564125,0.09477144443749999
sub1259,0.041978099565,0.158096629575,0.0621838433875
sub126,0.02607628364625,0.24844383325000002,0.04887625905
sub1260,0.02940279271125,0.19596042125,0.0628897942
sub1262,0.02613354800125,0.25436300037500004,0.0646937650875
sub1264,0.42444332825,0.55223411875,0.229322639625
sub1265,0.050794100337499995,0.24633524125,0.15516992494999998
sub1267,0.40106684225,0.0245300924345,0.117847325625
sub1268,0.1062384246125,0.40713427324999996,0.0831833027375
sub127,0.016514712396250002,0.44043239525,0.047278139737499995
sub1271,0.042392111975,0.165290190325,0.046814722787500006
sub1272,0.0729536316875,0.03411642288315,0.0630888283625
sub1273,0.0948567914,0.158718609675,0.0735010003375
sub1274,0.0907748387375,0.28454503175,0.0834247237875
sub1275,0.19879498903749998,0.07579946613750001,0.07200502962500001
sub1277,0.0959363490625,0.06696313775,0.0562238452625
sub1278,0.037519918250000006,0.180046497625,0.10504336605
sub1279,0.04570380065,0.20661724262499997,0.08633188531250001
sub128,1.248451261,0.062141075975,0.384755931
sub1281,0.10366845575000001,0.1261282665375,0.08239604875
sub1283,0.03841136632125,0.22791866074999997,0.0574429850625
sub1284,0.1166852734875,0.733150222625,0.1405878569375
sub1285,0.0592818429375,0.6751923839999999,0.08235386597500001
sub1286,0.03722028492750001,0.7223807615,0.0855418626875
sub1288,0.04620473402125,0.103537353625,0.048771529887500005
sub129,0.0495436810875,0.16167540883749998,0.057735968025
sub1290,0.05785009695,0.343152520625,0.08300671400000001
sub1291,0.08108897185,0.23441429687499998,0.0622559989125
sub1292,0.1618576166375,0.41504249787499997,0.085992459925
sub1295,0.1059357250875,0.076694558125,0.060445966562499995
sub1296,0.644297487125,0.060860971387500004,0.12475330196250001
sub1297,0.5972672619999999,0.1865647895,0.167970445125
sub1298,0.0646743639375,0.038661895997499994,0.049131133087499994
sub13,0.045789274149999996,0.2296542895,0.07070995865
sub130,0.177140612675,0.10288472058749999,0.0666700692375
sub1301,0.325299111375,0.259608036125,0.095221259875
sub1304,0.319462448,0.271449090875,0.1518956668125
sub1305,0.010175863349625001,0.18642956537500002,0.0387605921
sub1306,0.07041563884999999,0.10726469482125,0.0693404694125
sub1308,0.19706258405,0.07631350756250001,0.07396060538749999
sub1309,0.16668109146250001,0.186483009875,0.0826154058
sub131,0.0283491426275,0.232277874875,0.063667782975
sub1310,0.0450042909625,0.0696104608625,0.084954157125
sub1311,0.09270611923750001,0.04151425946,0.071925165175
sub1312,0.095199072475,0.247367629875,0.0631497200125
sub1313,0.029335049819999997,0.2869989635,0.0605921303875
sub1317,0.041965000376250006,0.024520311174125,0.0617608304375
sub1318,0.0288745922425,0.231204115125,0.0730594703125
sub132,0.163464419375,0.14586535065,0.13302622865
sub1320,2.35602709875,0.0422378058125,0.276554989625
sub1322,0.1787792820125,0.1204353320625,0.188200877125
sub1323,0.1522778662,0.0644289575375,0.0775989044125
sub1324,0.0967539816625,0.12063936665,0.107574947475
sub1325,0.0909768442,0.10856971911249999,0.07939435466250001
sub1326,0.0640968286875,1.038829629,0.1193368215125
sub1327,0.26622302675,0.1260186444625,0.1371502529625
sub1329,0.03332786987875,0.1340769194375,0.0507132198125
sub133,0.2196730623,0.0693238641375,0.0737541440625
sub1330,0.0724905987875,0.421493707125,0.09542379853750001
sub1332,1.3666249528749999,0.37225298325,0.1000720398
sub1333,0.03522085299625,0.23089848375,0.0471492923
sub1334,0.0240581594275,0.1131490917125,0.0426211327125
sub1335,0.18428765544999998,0.422769292125,0.0892954049125
sub1336,0.06632251471249999,0.00651686118535875,0.0602944040625
sub1337,0.073987624475,0.1688207075,0.055765607875
sub1338,0.03831265243875,0.12952052415,0.051639926275
sub1339,0.523489760375,0.04825972155,0.12677096475
sub134,0.07675260502499999,0.21435838100000001,0.07525979303750001
sub1340,0.23084219314999999,0.18004343087500002,0.1346303517
sub1341,0.02851141790875,0.333258301625,0.045478468125
sub1342,0.47498461750000004,0.7456146797500001,0.1427555030375
sub1344,0.05086034171375,0.14432172707500002,0.060458389349999996
sub1345,0.08668605770000001,0.172189946875,0.07714732317499999
sub1346,0.406761835875,0.6046166970000001,0.1100154971
sub1347,0.036319240999999995,0.4422773555,0.058607559525
sub135,0.048701121112499995,0.827517779375,0.06918245435
sub1350,0.0328018275975,0.092083323325,0.042392801225
sub1351,0.0589577260625,0.44036947437499996,0.0718566881125
sub1352,0.14776067438749999,0.09227272628750001,0.1093277533
sub1353,0.061144437674999996,0.353623326375,0.08005683802500001
sub1354,0.2125125885,0.15966544636250002,0.120068806775
sub1355,0.05229631605,0.337877233875,0.0704290732125
sub1356,0.111565214,0.401665488375,0.0721547531
sub1357,0.34438267575,0.008851856899499999,0.09693178734999999
sub1358,0.0658688947,0.15203274316249998,0.096060679325
sub136,0.056633605987499995,0.14074532991250002,0.045227192775
sub1360,0.05636943875,0.221789981375,0.0725716468125
sub1361,0.081878633075,0.13299559188750001,0.062351888125000005
sub1362,0.021142929381249998,0.1311649839375,0.040735348399999996
sub1363,0.02689079182375,0.451410314375,0.04630012095
sub1365,0.5094830885,0.0740009208625,0.153799008875
sub1367,0.01580316744875,0.196256977625,0.038910197125000004
sub1368,0.02522118634,0.12649625815,0.0420984222125
sub137,0.044199445572499996,0.17044064448750001,0.0643267250375
sub1370,0.0628932498625,0.513729408625,0.097909999375
sub1371,0.061307465875,0.368751418125,0.073998297725
sub1373,0.1057140763875,0.530823382375,0.09018408657499999
sub1374,0.04485926466,0.1004593955125,0.0385756317625
sub1375,0.0566191433,0.45299860062499997,0.0806677606875
sub1376,0.242050305375,0.15087989562499998,0.13742742759999999
sub1378,0.1063342964125,0.511609880625,0.10226159223749999
sub1379,0.52470157925,0.04680736248375,0.1188584288
sub138,0.2237823325,0.178971808125,0.1295369756375
sub1380,0.2838209945,0.1309135964,0.13022894915
sub1381,0.0689084705875,0.0871731497875,0.053241916825
sub1382,0.0435345210625,0.22519197875,0.056738465625000005
sub1383,0.06941756108750001,0.52082155975,0.08536081613749999
sub1384,0.049041661187499995,0.19534680962499998,0.0550722344625
sub1386,0.03724122612,0.20321664175,0.0637880352375
sub1387,0.063897193125,0.1795949205,0.071405128175
sub1388,0.052496248625,0.1426752394875,0.0513233558875
sub139,0.07902594745000001,0.1558325392625,0.059000193699999995
sub1390,0.057603772075000004,0.49256755900000004,0.08264465863750001
sub1391,0.0844837106,0.0160659090985625,0.0730125077375
sub1392,0.30390975675,0.13481832595,0.12069836066249999
sub1393,0.0585434583125,0.18970347475,0.062639006275
sub1394,0.012787440577875,0.4204854315,0.06282093325
sub1395,0.1902263943125,0.0885909989625,0.11228021473750001
sub1397,0.0917463107,0.5029739845,0.11136253545
sub1398,0.0125477616525,0.16893312061250002,0.036176081037499995
sub1399,0.03900773419375,0.152120500075,0.0744474412
sub14,0.03600490251625,0.15699625656250002,0.0430721744
sub140,0.38790760962500004,0.0596404552125,0.140655725925
sub1400,0.0977312068375,0.4885412295,0.1143506278
sub1402,0.03907978727625,0.0568893896025,0.05712755885
sub1403,0.0764820826625,0.205779974875,0.1011527702375
sub1404,0.1596878039375,0.0367381249875,0.0848638221625
sub1407,0.0704203648625,0.7023213672499999,0.08355348277500001
sub1408,0.46637280950000004,0.034488084710000005,0.1246311713625
sub141,0.03001352276,0.22992437075,0.06983054712499999
sub1410,0.129562873125,0.04327986842625,0.06974221576249999
sub1411,0.07999339775,0.1445611137125,0.081183122875
sub1412,0.04692037735,0.1436059334375,0.054984339374999996
sub1413,0.10587430285,0.1472267496,0.1050091199
sub1414,0.0421708492125,0.1671145034875,0.06489414460000001
sub1415,0.242143141625,0.12265502476250001,0.17704349275
sub1416,0.12006993371250001,0.456220175625,0.26638703975
sub142,0.1740796073,0.1294733609,0.1277632015
sub1420,0.02638967611,0.464341443,0.058179523824999996
sub1422,0.01637409363125,0.07745929461375001,0.0378742666375
sub1423,0.0784072315375,0.25719290912500004,0.07468004310000001
sub1424,0.21197276175,0.507928717375,0.091540193825
sub1426,0.021457001055,0.29194450225,0.0489260172
sub1427,0.06937330305,0.06002702062,0.0548718114375
sub1429,0.044702392025,0.2472233965,0.0786719335125
sub143,0.0823403613,0.379499567625,0.0793196734625
sub1430,0.020764806865,0.188250235925,0.0412065418875
sub1431,0.028790687685000003,0.665598045875,0.0740911442875
sub1432,3.8938226137500003,0.7981543769999999,0.0222932742925
sub1434,0.044497011012500004,0.580282171875,0.08878001349999999
sub1436,0.20855015475,0.1061562386,0.12785220619999998
sub1437,0.06721981845000001,0.1126503089125,0.0683046765625
sub1438,0.003355685508775,0.1429704935875,0.028615509974999998
sub1439,0.1889124532625,0.041937033382375,0.108426922575
sub144,0.39996375912500004,0.251207997375,0.1429373584875
sub1441,0.077856805125,0.024103608887875,0.053367588325
sub1442,0.05288258955,0.18811257325,0.0747520828875
sub1443,0.0121682619125,0.206273634125,0.0347962370375
sub1444,0.036272725715,0.19653151024999999,0.046725271675
sub145,0.0425057340375,0.254111142625,0.0523442011375
sub1450,0.0321141802,0.27874348437499996,0.059128477125
sub1451,0.064058292525,0.11613456135,0.05921713915
sub1454,0.036961060324999996,0.404227567625,0.0575096634875
sub1455,0.1707192195625,0.115216880175,0.0853900963
sub1456,0.041747394374999997,0.324103891875,0.057019166075
sub1457,0.224531704125,0.31291891325,0.1330665781625
sub1459,0.09106814985,0.062362202789999995,0.06304735485
sub1460,0.1374155119,0.45112307875,0.09271793447500001
sub1462,0.1222447771,0.0848733176375,0.101319378025
sub1466,0.0252713411375,0.21595028625,0.049981264725
sub1467,0.02700114649,0.328939730375,0.0580393101125
sub1469,0.14761616617499998,0.260984212125,0.145639973075
sub147,0.0719133188,0.23552636625,0.0917147287125
sub1471,0.0831648938375,0.03778716654,0.063073503175
sub1472,0.02247006649375,0.247755505625,0.0460582836125
sub1474,0.01345212660625,1.118554208125,0.08058430548750001
sub1475,2.00465633625,0.0684078185625,0.225354694375
sub1476,0.421431305125,0.09620958742499999,0.127539561125
sub1478,0.048308530687500004,0.494073510875,0.0737402537875
sub1479,0.01463717360625,0.239572696625,0.0461836372375
sub1481,0.061181901175,0.729436923,0.1257205132875
sub1485,0.02616475306625,0.296544292875,0.055361558975
sub1488,3.78692758375,0.083973793825,0.1876874435
sub149,0.056719437225,0.125504242525,0.053107828325
sub1490,0.1732051086125,0.020402434264374998,0.058342196612499994
sub1491,0.016166784545,0.38021171012500005,0.05379593675
sub1492,0.0304553669525,0.21628176899999998,0.0443025548125
sub1493,0.0613356879625,0.639305500875,0.09264745037500001
sub1494,0.040305082685,0.1407055771875,0.054810022037499996
sub1496,0.020955127261249998,0.1657210476625,0.050479698249999996
sub1497,0.0535298035875,0.6410361833749999,0.085346762175
sub1499,0.0522839374,0.19281423925000002,0.06984340277500001
sub15,0.0679000553625,0.0469528721975,0.04797953135
sub150,0.2977799295,0.100689178875,0.12203735921249999
sub1500,0.2047257471625,0.25092932287499997,0.21272328225
sub1501,1.363056877625,0.415188946,0.0782048061375
sub1502,0.039865603175,0.93815052325,0.0683205958625
sub1504,0.038800699367500004,0.15817685331249998,0.0553547821375
sub1507,0.1477357614375,0.560138596625,0.1248070185875
sub1509,0.19716064086250001,0.268349649125,0.0960459426125
sub151,0.0275079664525,0.1057728934125,0.04154319905
sub1510,0.1195245355875,0.12929745141250001,0.081677287225
sub1512,0.0223244130775,0.47415099712500003,0.0663065340125
sub1514,0.032836202077499994,0.601992334625,0.0578209655625
sub1515,0.16227645519999997,0.48582190575,0.0700673302
sub1516,0.051432039062500004,0.22622914225,0.054093132412499995
sub1519,0.02715938299,0.12208473639999999,0.039948965450000005
sub152,0.0436663139875,0.36428318975,0.056635012675
sub1520,0.1120953431875,0.18812863575,0.071049208725
sub1521,0.020522543106250003,0.30734972125000004,0.0441898499375
sub1522,0.020257808871249998,1.010276908625,0.077201511975
sub1523,0.1288874203,0.1040302244,0.07256332512500001
sub1524,0.01967336484625,0.42682229174999997,0.050651070312500004
sub1525,0.13354751443750001,0.1295197513375,0.076283771575
sub1526,0.02280875567625,0.10603168985000001,0.036420656800000006
sub1527,0.1464245001125,0.06531134625,0.078448344125
sub153,0.0331683305075,0.12957937185,0.0490238290375
sub1530,0.1794265885625,0.22571602200000002,0.1250936597875
sub1532,0.12235712785,0.04343492745166666,0.0751676239
sub1534,0.0036538430087500002,1.686218341125,0.0851585516625
sub1536,0.0927693142625,0.1168274929,0.0801398720875
sub154,0.168633859475,0.0531275734625,0.0754266125625
sub1540,0.0721187608375,0.45035627225,0.0920407517875
sub1541,0.1454889858,0.106139311475,0.0949779246
sub1542,0.074375174925,0.36579606225,0.0803807534125
sub1543,0.178285557275,0.0957986508625,0.09008693918749999
sub1544,0.0727369577625,0.21814038149999998,0.0772549341875
sub1547,0.06577275745,0.1006734116125,0.06772882565
sub1548,0.0661121505875,0.49425151375000004,0.066483279675
sub155,0.0497000023125,0.2740842485,0.0870484828125
sub1550,0.08183357552500001,0.22016531725,0.054330409875
sub1551,0.0621941203625,0.602149484875,0.0571539248625
sub1552,0.159597787425,0.2513959715,0.1086584488125
sub1553,0.178123900325,0.38961164187499997,0.1430195634125
sub1554,0.13789843766249998,0.468313620375,0.1129410410875
sub1556,0.152732330325,0.092380166175,0.0938542584125
sub1557,0.03298890492125,0.1511631262125,0.053873285062500005
sub1558,0.0938486431375,0.021593367394125,0.050613358750000004
sub156,0.5383775321250001,0.134414782525,0.2148632355
sub1560,0.04093574074875,0.3188315055,0.08064753875
sub1561,0.04010357204375,0.253490153375,0.0596001987375
sub1566,0.31750557362500004,0.06279523685,0.0832305546625
sub1569,0.03101321432625,0.1479994166125,0.0534912015375
sub157,0.016059077506249998,0.12070813496249999,0.035913477175
sub1571,0.149031604725,0.090193403825,0.0731852227375
sub1572,0.08981125162499999,0.1137322811625,0.0942348796625
sub1573,0.09586523135,0.32672312112499996,0.0814863889625
sub1574,0.404222519375,0.0359957176025,0.1589190515
sub1575,0.025335034920000003,0.4537634165,0.058675250825
sub1577,0.0929392458875,0.379334297125,0.1183161414
sub1578,0.016194153817499998,0.197266830375,0.0377869158
sub1579,0.01807086458625,0.1684223905375,0.033315911625
sub158,0.23754963575,0.14470503678750002,0.1382590285
sub1581,0.0728361022875,1.104730843125,0.06491127031249999
sub1582,0.14443142516250002,0.303966685625,0.10240284635
sub1583,0.15633826071249998,0.24901544375,0.134673600575
sub1585,0.1137882951,0.130252415625,0.0917586899625
sub1588,0.041319941375,0.52410522,0.0667034003875
sub159,0.1104185111875,0.15295716838749998,0.0670433278125
sub1591,0.0165854567075,0.219197827875,0.038467812799999994
sub1594,0.062142903175,0.03333607544475,0.04889409
sub1595,0.04059130155,0.3174619075,0.0601825658375
sub1597,0.032582004847500005,0.161261288225,0.05949411555
sub1598,0.02877439382375,0.2008521975,0.0478282187
sub16,0.06509071998749999,0.1535714140625,0.0541362029625
sub160,0.06874546044999999,0.29340032125,0.0655299770875
sub1600,0.0660587368125,0.66936659075,0.071695879775
sub1601,0.14831208498749998,0.279752525875,0.0925657977625
sub1603,0.0406509746,0.1600035098375,0.0515633266875
sub1605,0.106899182825,0.21493975725,0.0961591483375
sub1606,0.048758689699999996,0.265555036625,0.0555893602
sub1607,0.024615787816249998,0.15062374926250002,0.04492203845
sub1608,0.0399426297625,0.314129036,0.0499252607875
sub1609,0.03261160398625,0.20654960325,0.0436464446
sub161,0.01254057860625,0.19748272025,0.04230898485
sub1610,0.529314214125,0.07343932759999999,0.288752786625
sub1611,0.1286775506375,0.242610596625,0.1177359992
sub1612,0.0452317948,0.5616763711249999,0.070921185875
sub1613,0.084808082325,0.215668519625,0.1468541108
sub1614,0.0681995341,0.20081017475,0.06768329515
sub1617,0.0512704247875,0.18818827500000002,0.062678714325
sub1619,0.1538002667875,0.158022833325,0.0900721305625
sub162,0.0240531040475,1.112642120625,0.071230761225
sub1620,0.043917685737500003,0.19477110787500002,0.0673022339875
sub1622,0.1759313927375,0.4088430775,0.106430773625
sub1624,0.0923827052125,0.032965912818,0.07361228735
sub1625,0.1964668182375,0.1476245601375,0.1369941019375
sub1626,0.0385272770125,0.439878395125,0.07269408155000001
sub1628,0.008262686754124999,0.25168698675,0.0476127898375
sub163,0.1114973732125,0.029262763603375,0.06281145807499999
sub1630,0.0672575164375,0.31435394175,0.0711553336875
sub1631,0.0407644863425,0.245467621,0.0626009921125
sub1632,0.960591014,0.09389971679999999,0.22442614425
sub1633,0.07805685047500001,0.71423027625,0.06709165138749999
sub1635,0.056871122999999996,0.262117935875,0.0653360698875
sub1636,0.047757805725,0.0794542950375,0.045965155175
sub1637,0.031148997895000002,0.15130156105,0.046885080600000004
sub1638,0.0833881426375,0.37896151787500004,0.0632998581625
sub164,0.03209602985375,0.1422709677625,0.0491711221
sub165,0.0408662476,0.519409363625,0.0596098269875
sub166,0.0827180739375,0.306141733875,0.06473217567499999
sub167,0.043515768375,0.26044419075,0.055337678662499994
sub168,0.01767965127625,0.33384133325,0.0480038882125
sub169,0.0751224487125,0.23927159925000002,0.06664811998749999
sub17,0.1182561800625,0.027980230225124997,0.057255195337499995
sub170,0.03672571645,0.09668018227500001,0.050430893062499996
sub171,0.032424363083750005,0.170127317675,0.0467529798125
sub172,0.06819004253750001,0.727177393375,0.0860333680625
sub173,0.2225192713625,0.0632130005375,0.086071556575
sub174,0.28833148075000004,0.022220518623749998,0.076521125825
sub175,0.1998039643625,0.38877778325,0.0894846652625
sub176,0.01708617835625,0.5792045003749999,0.051819671649999996
sub177,0.127844098625,0.0258183509665,0.0642350062375
sub178,0.563159026375,0.26313636375,0.1263179150625
sub179,0.079973198525,0.7309391656249999,0.08071734633750001
sub18,0.03214623516375,0.20941478375,0.0686808445375
sub180,0.1480437563625,0.08931858752499999,0.096613892025
sub181,0.01287815102375,0.332595933,0.042750919275
sub182,0.022611738322499998,0.32111289387499997,0.0586297955375
sub183,0.0258484583925,0.2116200645,0.045176681275
sub184,0.0507901611625,0.451557020875,0.10968680437499999
sub185,0.1306365719125,0.10606635919999999,0.0766355774
sub186,0.1321385352125,0.1137012564,0.103937179325
sub187,0.8793430875,0.05344892155,0.1262093991875
sub188,0.1083325311375,0.1134158651625,0.0862042933875
sub189,0.2089694214625,0.10323007672500001,0.087136084
sub19,0.1103352769375,0.0057427904837375,0.06395559095
sub190,0.0433972441,0.487606429375,0.071412008325
sub191,0.08531474592499999,0.12959193768750002,0.1156288693
sub192,0.04104062469375,0.19984011725,0.05747889855
sub193,0.037513978445,0.17615644625,0.06934880004999999
sub194,0.13213486757499998,0.1459487326625,0.1543346397
sub195,0.0955651555,0.244747395,0.077308783175
sub197,0.0607905647125,0.2615696695,0.1275435894125
sub198,0.1283003367375,0.00591863583095,0.0564301865125
sub199,0.611861357125,0.28974727424999996,0.14484058354999998
sub20,0.02015351381375,1.0989634777500001,0.0876742393625
sub200,0.035750719699999996,0.5354991808749999,0.0716495373125
sub201,0.0477029024875,0.3368079065,0.059366431812499995
sub202,0.04513434389125,0.1718589194625,0.058542492975
sub203,0.1660716712625,0.127269074675,0.1121194159125
sub204,0.0847024797625,0.0187466100382875,0.0601899239625
sub205,0.21884902612499998,0.288944319875,0.109480386
sub206,0.266381547875,0.02840319972125,0.0785881903875
sub207,0.02713144897125,0.16563141677499998,0.0454135885375
sub208,0.0782566135875,0.401933988375,0.0802590833625
sub209,0.040835341175000005,0.430708685375,0.0693822942125
sub21,0.03248636915375,0.0949757436125,0.034155494925
sub210,0.0491898651,0.1042193304,0.047857280375000005
sub211,0.023068953152500002,0.248138392375,0.049906292625
sub212,0.0703333144125,0.328817665875,0.0661217284375
sub213,0.043197820812499996,0.168411705725,0.051546595825
sub214,0.498511707875,0.106600155675,0.116171126125
sub215,2.54798103125,0.364621838875,0.1286494581
sub216,0.044792360837499996,0.186042353375,0.0499722331875
sub217,0.0539649135625,0.43478630450000005,0.0766877517
sub218,0.045519957475,0.12186761920000001,0.0552539355125
sub219,0.19889539421250002,0.13034116245000002,0.1394178109
sub22,0.043576547625,0.37650573937500004,0.06930616247499999
sub220,0.155125325225,0.083698802474625,0.094595934075
sub221,1.013237882625,0.169841468125,0.15587694825
sub222,0.01685683153625,0.1575791131,0.041228078512499995
sub223,0.0718124487375,0.0907461089625,0.0715011821375
sub224,0.079091702225,0.46541308837499995,0.0753588269625
sub225,0.49049569374999996,0.30850759575000003,0.312607
sub226,0.03477664085,0.445500683,0.1026139290875
sub227,0.0990897827625,0.06406683561875001,0.0637716538875
sub228,0.32842054737500004,0.28857812762499996,0.267108127875
sub229,0.050497551825,0.175984948875,0.057704751199999994
sub23,0.10446819155,0.308512886875,0.08356995908749999
sub230,0.0517519444625,0.45538278574999996,0.11945925252499999
sub231,0.0529907714375,0.120814756225,0.055394398637499995
sub232,0.01463331992,0.344392175,0.0458522214375
sub233,0.0241243554,0.402161348875,0.051366619087499996
sub234,0.0397546335375,0.4303976805,0.0643541071625
sub235,0.15923281857500002,0.0625537407375,0.0832229111875
sub236,0.01688464026,0.08514461996,0.0290976663625
sub237,0.058570916449999996,0.65297856175,0.060019303262500004
sub238,0.0747014289375,0.17133975671249999,0.0731866143375
sub239,0.17680309495,0.0315662768415,0.088291896975
sub24,0.373340234125,0.557276675,0.0821524275125
sub240,0.17618634230000002,0.181461585125,0.08040268173750001
sub241,0.1054504171375,0.09745618941249999,0.06958650305
sub242,0.05210544662125,0.15103320485,0.060425776225
sub243,0.0875400857875,0.2184941705,0.0679123741625
sub244,0.02701817502125,0.217794726,0.057294167987500005
sub245,0.07214096483749999,0.459561334,0.07787070780000001
sub246,0.03052670301625,0.08661942793750001,0.043031270812499994
sub247,0.044656746312499995,0.197309739,0.05458068095
sub248,0.0537119315,0.18957989008749998,0.0781550787875
sub249,0.058389787400000004,0.446365458875,0.09035995417499999
sub25,0.11915522615,0.0726286338875,0.0882092394375
sub250,0.1136025551625,0.1139035686,0.0731505958875
sub251,0.01585176994625,0.32108179875000004,0.037575097775
sub252,0.050439379475000004,0.15670763401249999,0.060062625175
sub253,0.012662619603750001,0.28204068975,0.0448987837125
sub254,0.0363259246875,0.343924627,0.0733457375625
sub255,0.042038895675,0.221730611125,0.0552753675
sub256,0.7896711626249999,0.0865780530375,0.157505946375
sub257,0.1936807032125,0.0880613895,0.082661358275
sub258,0.020117828634999998,0.21614918549999998,0.0475951609375
sub259,0.0519957019375,0.470056972375,0.0657025773625
sub26,0.1562461719875,0.0808439750375,0.07471619995
sub260,0.02683164696875,0.222976323125,0.0470434855125
sub261,0.0064824168265,0.5763017442499999,0.0353652852
sub262,0.0560296388,0.26601758087500005,0.079373580025
sub263,0.183284153275,0.412195056375,0.11969423417500001
sub264,0.045344218787499994,0.27013536925,0.07129451086250001
sub265,0.0656913268,0.43009394450000005,0.0675989331375
sub266,0.178828200025,0.0775811309875,0.114415202225
sub267,0.03101499177375,0.27406881,0.068735234175
sub268,0.046914891,0.557685153375,0.082014751075
sub269,0.17224230745,0.1180439308,0.11067372486249999
sub27,0.0665787738625,0.1613189742625,0.06126841005
sub270,0.18560108511249998,0.24155956525,0.1231110781375
sub271,0.39602881837500004,0.23593381049999998,0.211620166375
sub272,0.031603481525,0.79718825775,0.0813499721125
sub273,0.036770304250000004,0.329296514875,0.057425709537499994
sub274,1.75329755375,0.43623216037499996,0.1220798437375
sub275,0.08975725832499999,0.07939605108,0.0890918620625
sub276,0.0800799697125,0.055654109320000006,0.0588994632125
sub277,0.01362818062925,0.134491709725,0.0405771376625
sub278,0.01889249079,0.37144739275,0.048154891812499996
sub279,0.07306157536249999,0.27751859812499996,0.07151412006249999
sub28,0.02968129403125,0.192471515125,0.0570750238125
sub280,0.1820227355625,0.043182196725,0.0923859758625
sub281,0.02166308307,0.209153162125,0.0552568725875
sub282,0.10364735355,0.8745935103750001,0.1100110646625
sub283,0.00983607114925,0.23162782875,0.036561475375
sub284,0.0562729951125,0.43679850212500004,0.10015578045
sub285,0.02453796400625,0.1524987280875,0.0409090098625
sub286,0.0453707925375,0.1395313831375,0.0589086839125
sub287,0.0671835590125,0.34116615975000003,0.0900990269
sub288,0.03561466663375,0.085905105225,0.0414276695875
sub289,0.10719830635,0.29325975,0.0792617855875
sub29,0.0135043266175,0.284088797625,0.0485025269625
sub290,0.0343657743875,0.6087962874999999,0.06891835860000001
sub291,0.275256689,0.1062023080375,0.174520343
sub292,0.04107269780375,0.0962662868,0.048165695337499995
sub293,0.12855120508749998,0.11476264394999999,0.071840049475
sub294,0.0362750347775,0.1072876042375,0.04686204611250001
sub295,0.009484355756750001,0.1122435661,0.034674268349999995
sub296,0.416080882125,0.29092544299999995,0.151376281275
sub297,0.2650191055,0.20275900100000002,0.14692670332500002
sub298,0.11683829465,0.28617827075,0.08115240085
sub299,0.02612227623125,0.39788987324999997,0.0587557309375
sub30,0.0469851075375,0.48582537600000003,0.121883737725
sub300,0.23169822113750002,0.08863974971250001,0.11633613215
sub301,0.0730103605625,1.2371222877499999,0.1468225392375
sub302,0.1443939749125,0.18998231599999998,0.127532241725
sub303,0.07368197347500001,0.0139407858963625,0.044386682325
sub304,0.0443438500125,0.1601248428375,0.0724847014
sub305,0.0482611802875,0.129106028775,0.0702740783125
sub306,0.0383482965,0.36794119925,0.07312105626250001
sub307,0.01449861424375,1.409190001125,0.05997803285
sub308,0.0283651465375,0.14406172921250002,0.0542728964625
sub309,0.0342664153625,0.362354671,0.059934280025
sub310,0.02800643766125,0.270487860125,0.049469021275000004
sub311,0.1770057103375,0.171382467625,0.114738245925
sub312,0.02399100719625,0.1547487128125,0.048164811087499995
sub313,0.02047675883625,0.9110482477499999,0.072379270375
sub314,0.057581563162499995,0.07169704272125,0.055562768
sub315,0.90112033175,0.0785756495125,0.0880819060375
sub316,0.0450752162,0.42825581949999997,0.0750906264125
sub317,0.0345560701625,0.310439425125,0.0694292389125
sub318,0.03446366255,0.535640727,0.0479966458125
sub319,0.039205986350000006,0.15413569670000002,0.0443094386125
sub32,0.028288784862500003,0.6849105412500001,0.08954591135
sub320,0.0426625700125,0.35482424175,0.059495558675
sub321,0.31922491487500004,0.744242655,0.0890861884875
sub322,0.02596311236,0.21773701175,0.0498507139625
sub323,0.052563669125,0.18305019625,0.0522733697875
sub324,0.099942538875,0.240135152125,0.069676539225
sub325,0.048253309887500005,0.196789515375,0.0893152090625
sub326,0.02406822892,0.188463220125,0.0427086804875
sub327,0.063469223925,0.33585042837499995,0.075848923075
sub328,0.0630484693625,0.217167586125,0.065179474625
sub33,0.026472113104999997,0.31776399450000004,0.055207682775
sub330,0.1311867061875,0.12750484676249998,0.09285766516249999
sub331,0.048272046412500005,0.224129577375,0.072335118625
sub332,0.09978723592500001,0.158538223375,0.125029805475
sub333,0.03758953975,0.21076924149999998,0.0668158210625
sub335,0.06926937286250001,0.456538286875,0.1045008127625
sub336,0.058643605475,0.1908163595,0.069208210225
sub337,0.020302558966250002,0.32119645187499996,0.0462269148875
sub338,0.02460117582625,0.208113991,0.047609429025
sub34,0.03238068975625,0.25741278549999996,0.0566484405875
sub35,0.147435839475,0.03516215068825,0.0826430768125
sub36,0.01549689607875,0.623113329125,0.052221465524999996
sub37,0.00708717765375,2.4114999549999996,0.06828845195
sub38,0.03032252608375,0.070387884,0.038273929350000006
sub39,0.0836015912625,0.229502991125,0.1123917861375
sub40,0.1348991092,0.058343155445,0.0885381993625
sub41,0.0857479405375,0.1464724279625,0.0727747691
sub42,0.7765011500000001,0.0731038793875,0.24509406275
sub43,0.570593534125,0.06828759621250001,0.172151241875
sub44,0.03473094124375,0.26730664475,0.060541927037500005
sub45,0.01596468778625,0.38133902999999997,0.0479182775
sub46,3.5415270475000002,0.1652631855,0.1279566911125
sub47,0.1459293278625,0.189047445125,0.09335586005
sub48,0.13264552027499998,0.02978566334275,0.057796033262500005
sub49,0.1588475793875,0.37894742187499997,0.11795793827500001
sub50,0.06659705045,0.1456821023375,0.069249853925
sub51,0.36166813075,1.27397343425,0.0832250473
sub52,0.02766246441625,0.17627532124999998,0.047712099225000006
sub53,0.018627517995000002,0.485858552625,0.04675919345
sub54,0.138627133475,0.37780811512499995,0.07597789671249999
sub55,0.07373823815,1.137113192,0.13789322763749998
sub56,0.21238423646250001,0.128866345125,0.100270127075
sub57,0.11059087596249999,0.19788547775,0.0845932973875
sub58,0.080473800075,0.719299661375,0.06208040055
sub59,0.038086224868750004,0.1253622009125,0.059086122137499995
sub60,0.01787169775375,0.33593283837500004,0.0437461543
sub61,0.50580832825,0.0988518959,0.172831301125
sub62,0.032395501835,0.06599781144000001,0.0359678894625
sub624,0.048337265137499995,0.274136766125,0.080481683525
sub625,0.060092993362500007,0.286134872125,0.09520107548750001
sub627,0.1822322800375,0.044864149685,0.09246883256249999
sub629,0.09979141775,0.1820341165,0.10708978143749999
sub63,0.02482874345625,0.159941904375,0.0458382853375
sub630,0.043002932655,0.25344777625,0.063034216825
sub631,0.023781351126250003,0.348286249,0.0543755770875
sub634,0.09794541737500001,0.1598730848875,0.1113841875625
sub635,0.0173709892675,0.193292405875,0.0388551426625
sub637,0.046244952225,0.11706149191250001,0.0550789858625
sub64,0.048737436674999995,1.1346821835,0.062753517625
sub640,0.03601157156875,0.226406039125,0.07114128112500001
sub643,0.0697820909125,0.1494017971,0.0772718923875
sub644,0.31807764237499997,0.31700455225,0.119231513925
sub645,0.15826517803749998,0.511230991625,0.09599861515000001
sub648,0.01716722394125,0.167575398025,0.0397303486
sub649,0.02457945993125,0.18470918012499998,0.06040602463750001
sub65,0.0979435196875,0.1530965748625,0.0808976502625
sub650,0.03647429933,0.336414702125,0.059817755400000006
sub651,0.1148550009125,0.049087514693175,0.07849242745
sub654,0.298719375625,0.424696754,0.17794818166249998
sub655,0.0595120501875,0.0306443314203,0.0650610043625
sub656,0.2330867294,0.08213616078750001,0.08137674187499999
sub658,0.154304874775,0.208878744,0.1084529094125
sub66,0.067244752125,0.21255921025000002,0.0847072384875
sub660,0.02817949732875,0.362848931,0.07572366968750001
sub662,0.051387532637500004,0.656209411125,0.0839432235125
sub663,0.1902480674,0.11974355055,0.073769952175
sub664,0.1264427062625,0.106193685575,0.0666070013
sub669,0.0376474114625,0.14068338155750001,0.07948860190000001
sub67,0.11404316926250001,0.415901845875,0.08513563686249999
sub671,0.01929055199625,0.31314182962500003,0.0443843504625
sub672,0.0695248399125,0.500493133875,0.0934699973
sub678,0.050240510125,0.213485315125,0.07604346075
sub679,0.15481411675,0.0341793695925,0.069012138875
sub68,0.482641002125,0.0680123743125,0.0854209252
sub681,0.0650671036375,0.199600524,0.06905401748750001
sub688,0.1772030868125,0.109683119675,0.114421227975
sub689,0.135101806625,0.0353070812965,0.0686794441875
sub69,0.275647643025,0.017307802934375,0.06658675561249999
sub690,0.0517582798875,0.0977578888,0.0514502309625
sub691,0.022824083445,0.137266081825,0.0437287657375
sub692,0.1272182488875,0.021833388086325,0.060570333587500004
sub693,0.206745036125,0.35365642675,0.08967090383750001
sub694,0.16630161585,0.16845453275,0.190436000625
sub698,0.06434980261249999,0.348486897,0.0699641189875
sub70,0.20725159725,0.64818445875,0.148556428625
sub700,0.02630823434125,0.23016204737499998,0.0649467909
sub702,0.0507356063875,0.434891836625,0.06882014116249999
sub704,0.02048295012875,0.36844981875000005,0.0573495833
sub708,0.012214263716750001,0.16798995260000002,0.051948007062499996
sub709,0.1210361030125,0.108289683375,0.089014857625
sub71,0.0720498979625,0.612226106875,0.0769735145375
sub711,0.01826875734125,0.248903847,0.04503298385
sub712,0.21414741225,0.48023730525,0.08169603078750001
sub714,0.1245369156375,0.221519258,0.17101804974999998
sub715,0.11986595781249999,0.06453290772975,0.06680936563749999
sub716,0.1784391589375,0.022236709507125,0.07107233707499999
sub717,0.0464135785375,0.63051284025,0.0924713882625
sub719,0.07132885543749999,0.177824012675,0.0941715095625
sub72,0.250298736375,0.091502956375,0.1330050875375
sub720,0.03959205264125,0.15622901497500002,0.047129856325
sub723,0.0662334029875,0.268101675,0.0982525135
sub724,0.51709304875,0.03640924424875,0.22011289862500003
sub725,0.11571233615,0.46286392425,0.08253077835
sub726,0.11858083705,0.186720751625,0.1182274347875
sub728,0.0646333404125,0.06587421354187499,0.0435956876625
sub729,0.0829352506125,0.563999822375,0.1123986823125
sub73,0.1010729817125,0.579571963625,0.1350015333
sub731,0.7281816266250001,0.12815140351249998,0.201517002625
sub733,0.02450040908875,0.16539240416249998,0.0466898968875
sub734,0.317787340625,0.704291058,0.07843646478750001
sub735,0.11493426375,0.0941889794,0.06801529469999999
sub736,0.544021823375,0.08817120726250001,0.174892202125
sub737,0.1006225251125,0.1578702004125,0.0796299927875
sub739,0.2285701175,0.2187261485,0.1334397142375
sub74,0.04004437509875,0.234042825375,0.0594235254125
sub740,0.03366983078125,0.23226768125,0.052204076550000006
sub742,0.1059148909625,0.044117996055,0.055275209125
sub743,0.211677705475,0.233340975625,0.29236712625
sub749,0.050191018525,0.1243356249375,0.060284406
sub75,0.01860751980125,0.213585058375,0.051793331775
sub750,0.20586980162500002,0.04263117591625,0.1025238402375
sub753,0.07009777275000001,0.271117859625,0.05959612575
sub754,0.059351938462500003,0.0615486391625,0.051026517024999996
sub755,0.105781779825,0.32094828925,0.0725645856125
sub758,0.0664499689125,0.7812188938750001,0.0959124914
sub76,0.0166390319425,0.24489727275,0.055074706849999995
sub760,0.0099334270125,0.370267228375,0.0413265088125
sub761,0.903311743375,0.304746193125,0.1560173140625
sub764,0.1094152776625,0.1299029252625,0.120083987175
sub765,0.02637903842125,0.227616215625,0.040824032587499996
sub767,0.35865756625,0.218566513875,0.13486247492499998
sub769,0.07637640181250001,0.559195705375,0.09211294673749999
sub77,0.071925532575,0.34769729325,0.087513887175
sub770,0.244086488,0.4741767055,0.0956131316375
sub773,0.1241144893625,0.022592997218375,0.0510153381
sub775,0.052122703025,0.4048016635,0.0820938835
sub777,0.041152230175,0.915835624125,0.0773383755875
sub778,0.1328161135125,0.532313822,0.080314742775
sub779,0.11647917857500001,0.20842115175,0.07176150434999999
sub78,0.06661553718749999,0.1418549237375,0.0668886484625
sub781,0.14524803645,0.1385285547625,0.1003066624375
sub783,0.100448088025,0.09097866625,0.06386763005
sub784,0.11138738435000001,0.319798495,0.0830824798875
sub788,0.0861250644375,0.064687387125,0.0615575279125
sub79,0.1286334048875,0.18820472437500002,0.228565453
sub790,0.0319774520375,0.7097615472500001,0.06954613697499999
sub793,0.048022546024999994,0.195725974625,0.0702314242
sub795,0.0140289419025,1.608795572625,0.0881244128875
sub796,0.058673063325000004,0.379005719,0.06963429245000001
sub798,0.058734089175000004,0.07025089914999999,0.0463362744875
sub80,0.1860798524875,0.195413693125,0.15909961325
sub801,0.0925778719375,0.2556620175,0.09869179627500001
sub802,0.04595912453625,0.1530000166375,0.0493881444375
sub807,0.049426100949999996,0.413746533375,0.075781353825
sub808,0.059511408162499994,0.3438208865,0.060496620550000005
sub81,0.031253383169999996,0.12768179868750001,0.0424637588
sub810,0.0494720488625,0.1686157963625,0.097385843275
sub814,0.0977033463375,0.1387678561125,0.07478216735
sub815,0.06092626205,0.11465167295,0.06381396985
sub816,0.19402441537499998,0.19916795075,0.175508902375
sub817,0.02132800294875,0.40520047725,0.0498063634375
sub818,0.09432371283749999,0.1656734282625,0.093349094775
sub819,0.0927050951625,0.0701264146625,0.0686094458125
sub82,0.07392585995,0.12975333381249998,0.066887126425
sub825,0.0463586278625,0.323389212375,0.06550069057499999
sub826,0.08678576948750001,0.16281517676249999,0.057967820187500005
sub827,0.07358704965,0.142906044225,0.06572459829999999
sub83,0.01680238622125,0.09813955651249999,0.030684128650000003
sub831,0.020701792112500002,0.22939422225,0.0508664684
sub832,0.02336931283125,0.262542881125,0.0600898404
sub833,0.027160416439999998,0.218314076125,0.05666495495
sub835,0.0821873739625,0.49055718574999996,0.1209415773625
sub836,0.280806330875,0.0210482396025,0.07038726403750001
sub837,0.085605967675,0.16534253745000002,0.11274071285
sub838,0.0327982281075,0.138435856425,0.036848351424999995
sub84,0.04118351266875,0.1214402140375,0.0531270819875
sub840,0.034332650631249996,0.177199496625,0.0489442015
sub841,0.07446727356249999,0.9118185055,0.247982591
sub842,0.492426795375,0.1329617622375,0.23644209962499999
sub845,0.02144265754125,0.311327801375,0.053960271662499996
sub846,0.28014709112499997,0.026870590295500003,0.09688700688749999
sub847,0.02490103908125,0.1541415991125,0.039776127275
sub848,0.09188679415,0.616269523625,0.0863480592
sub849,0.026547151421249998,0.176805881,0.0450149538875
sub85,0.1987831516375,0.11619411961250001,0.1430515749625
sub850,0.0668597563375,0.617519996,0.07626842892499999
sub851,0.07473490314999999,0.18032608225000002,0.070567360025
sub853,0.016471720925,0.22299198825,0.0551315192375
sub854,0.318146276875,0.007075099704,0.07443902749999999
sub856,0.368373314625,0.1104965168,0.15492425524999998
sub857,0.2135503445375,0.1034415289,0.1452434723
sub858,0.128985807475,0.628599433375,0.16195726365
sub859,0.0305591959025,0.370330147,0.058752046962500006
sub86,0.146076188025,0.326085019125,0.13506294331250002
sub860,0.129469786,0.94402188875,0.20221400650000002
sub863,0.034761154841249996,0.1331444684625,0.046594919075
sub865,0.03905732116625,0.2661682835,0.0728216709375
sub868,0.0205376715875,0.49612204600000004,0.057976001400000005
sub869,0.11173066513749999,0.106709553875,0.0921963134
sub87,0.02859179295625,0.7158500165,0.07526532455
sub871,0.01848317057125,0.45834624074999997,0.057335240225
sub872,0.2043659434,0.11201020726250001,0.12446924636250001
sub873,0.1554465542375,0.5330587805,0.1328392380125
sub876,0.08021841954999999,0.1742163807375,0.129102633125
sub877,0.085553272825,0.22642825300000002,0.0674336309125
sub878,0.06493242924999999,0.32081388725,0.080836263325
sub879,0.108070926875,0.02644635635925,0.0720836516625
sub88,0.0230239508675,0.26973065325,0.0493427722375
sub880,0.1400076795625,0.07562637909999999,0.0766574134125
sub881,0.166104336,0.215461401125,0.097078471
sub882,0.018543462219999998,0.237819106,0.0425456247
sub886,2.42817476875,0.018213963872874998,0.38864306175
sub887,0.10698788718749999,0.010221882717062501,0.06486213021250001
sub89,0.136712847175,0.13093825075,0.11201865189999999
sub890,0.1051013349375,0.229549962,0.1050121812375
sub891,0.075281654725,0.04985435289825,0.06406218667500001
sub893,0.020454087246250002,0.0972098509,0.036877462362499995
sub895,0.06268918412499999,0.164459287625,0.065383259225
sub897,0.058563855325,0.24903407924999998,0.0626405011
sub899,0.0932702019375,0.53338751225,0.06917685645
sub90,0.12394345762499999,0.1559614199875,0.1163298963
sub900,0.1063508085375,0.09439649585,0.0793422314
sub901,0.329168570375,0.58808940825,0.09114785815000001
sub904,0.1332571770625,0.98392781075,0.27031415412500004
sub905,0.02901740190375,0.331173146875,0.0598295230625
sub906,0.02289153558,0.2811906385,0.044850059512500005
sub907,0.07770002273750001,0.101466412625,0.10696396088749999
sub908,0.01446535889125,0.419962493875,0.0611984848875
sub909,0.13272401572499998,1.217779917,0.16406984763750002
sub91,0.053271248475,0.01444347590525,0.0378301361625
sub912,0.21943465525,0.25083677225,0.13193593715
sub913,0.11268825105000001,0.03957416798375,0.06755486687500001
sub914,0.179252107475,0.1052569161875,0.14865771425
sub915,0.2265607228,0.057970428525,0.10274373936249999
sub916,1.192742105625,0.03342931594,0.179546369875
sub917,0.1790349311,0.1371757934,0.0935953270875
sub918,0.018112626896249998,0.2008139478375,0.08078469665
sub92,0.048302503625,0.271645284375,0.068155112625
sub920,0.32346257824999997,0.308963124375,0.0974577353125
sub921,0.0101405684525,0.1455337688375,0.032251131275
sub922,0.1471837334375,0.13610447112500001,0.0808337991875
sub924,0.1042295108125,0.17727630049999998,0.07121399785
sub925,0.729584624125,0.268481346375,0.1385979379375
sub926,0.055929641687500004,0.593675330125,0.1030729894875
sub927,0.06623707988750001,0.18032267562499998,0.06745828205
sub93,0.09192561542500001,0.065788700425,0.06660353422500001
sub931,0.13731574430000001,0.1154000983875,0.066166685925
sub934,0.29027132712500003,0.5123882240000001,0.19816164362500002
sub935,0.0812521068125,0.1615332751375,0.0956264910125
sub936,0.03434949379,0.26839127125,0.0524333007
sub939,0.1253569709875,0.1158887989125,0.06536069763749999
sub94,2.4725602162499998,0.09349268147499999,0.175964418625
sub943,0.1162151647,0.275998741375,0.084711697825
sub945,0.13302120765,0.170868195875,0.09612088055
sub946,0.06329029115,0.1109836973875,0.0733795662375
sub948,0.15424105735000002,0.1076218729125,0.1324975269875
sub949,0.0379279364625,1.228350295125,0.11125209065
sub95,0.04516475353,0.1262920826125,0.056841045774999994
sub951,0.016771337615,0.1924414330375,0.045826690575
sub953,0.03754892895375,0.240618788375,0.071821506825
sub954,0.0884525598375,0.319572072,0.0653952451
sub956,0.14949210455,0.0492337726325,0.081546568325
sub959,0.323411506375,0.0059858862593625,0.1069825136125
sub96,0.078270587575,0.21174876612500002,0.0704161912375
sub960,0.1941050260875,0.1521772030875,0.1313332779625
sub961,0.09971113745,0.2271197145,0.0913385878875
sub962,0.0788021504625,0.665099216375,0.0610095295625
sub964,0.2009570827125,0.0711808933625,0.0992465775875
sub966,0.2272905922,0.043106573103625,0.07568772615000001
sub967,0.0596027565125,0.49668734962500005,0.1004937592
sub969,0.051667220225000005,0.06949962703750001,0.0517301330625
sub97,0.0795256753,0.235102797375,0.076563354775
sub970,0.04263676977375,0.0970369623875,0.0466946501375
sub973,0.07590154205,0.087762017775,0.062687844075
sub974,0.0747614654,0.2426828945,0.06781459549999999
sub976,0.28817878825000004,0.200270498625,0.11645696465000001
sub978,0.16300285395,0.13737358119999998,0.1234286818875
sub98,0.02618190151,0.22927034087499998,0.0560107384375
sub980,0.1328546931125,0.0514135363625,0.066593101175
sub981,0.0215547795875,0.208225978,0.050072777762500006
sub982,0.05588637135,0.18632107637499998,0.0589249916375
sub983,0.0460566506125,0.1701156836875,0.0614553852625
sub985,0.15020709403750002,0.023664125482625,0.084640919825
sub987,0.013952020196999999,0.1908409871,0.0564690625875
sub989,0.03032021031125,0.310786036875,0.0548959622
sub99,0.0618336583125,0.1144093242,0.070290015175
sub992,1.7503358775,0.36383451337499995,0.182093632125
sub993,0.14197571785,0.056827389089500004,0.09226395111249999
sub994,0.1052341451375,0.246797552375,0.079118368075
sub995,0.0781952653875,0.49537799374999997,0.0890628591125
sub996,0.32677340675,0.09884146865,0.131921853625
